rank,ID,paper_region,region_id,region_type,region_type_cn,Bioactivity_Score,activity_minmax,local_sensitivity,L_norm,U_i,U_rank,Manifold_X,Manifold_Y,marginal_score,diversity_norm,region_bonus,reason
1,211,R₁,0,hotspot,高活性热点区域,7.856904554,0.7856904553999214,0.1412705522761664,0.15016652164772815,0.4113476645808616,0.9999999999986414,7.7576513,8.183858,0.9999999999986414,0.0,0.0,净收益最高
2,236,R₄,3,hotspot,高活性热点区域,6.48084188,0.6480841879999352,0.1713732376848141,0.19823801557601128,0.30955530656955654,0.8617033573702021,-7.445361,-3.3533778,0.7684732807594137,0.40580506534916944,1.0,覆盖新区域
3,318,R₆,5,normal,普通区域,7.399396679,0.7399396678999259,0.2501040162507478,0.32396454436981914,0.3143779829920279,0.8682555187577696,3.8510957,-8.852051,0.7377384602795227,0.267140596099444,1.0,覆盖新区域
4,68,R₁₀,9,normal,普通区域,4.576245618,0.4576245617999542,0.1154845362266884,0.10898839095507586,0.23097938069794213,0.7549489118325662,23.04352,20.81803,0.7083874005420987,0.421672213770236,1.0,覆盖新区域
5,257,R₂,1,hotspot,高活性热点区域,7.133989809,0.7133989808999287,0.2113541871580483,0.2620842785840766,0.3232056771063265,0.8802489579707874,3.036785,11.021465,0.7074287447384896,0.11711747982406864,1.0,覆盖新区域
6,12,R₃,2,normal,普通区域,6.100262351,0.6100262350999389,0.1515026307141465,0.1665063029605201,0.29941321987575525,0.8479241644484358,-9.784815,2.3471205,0.6915094552097238,0.13101982616264948,1.0,覆盖新区域
7,244,R₈,7,normal,普通区域,5.83618258,0.5836182579999416,0.2561418519110634,0.33360646755191015,0.2167283677792009,0.7355872693751083,-4.610717,5.4520025,0.6234286265639956,0.12830505975572215,1.0,覆盖新区域
8,1,R₁,0,hotspot,高活性热点区域,9.242442703,0.9242442702999076,0.2941711291894374,0.39433607180373476,0.3968121334584507,0.9802518067911772,7.455242,7.9248977,0.5902674699003909,0.00846554330273845,0.0,高活性低敏感
